Log File;Date;Level [mm];Quantity [Liter];Signal health [-];Error [-];StdDev [Liter];Refill Quantity [Liter];Rain quantity 24h [Liter];Refill quantity 24h [Liter];Measured quantity change 24h [Liter];Calculated quantity change 24h [Liter];Quantity difference [%];Filter diagnosis [-];Usage in last 24h [Liter];Usage average in last 10d [Liter]
181111_V310_1.csv;07.11.2018 19:46;441;1385;100;Kein Fehler erkannt;0;0;0;;;;;;;
181111_V310_1.csv;07.11.2018 19:49;441;1385;100;Kein Fehler erkannt;0;0;0;;;;;;;
181111_V310_1.csv;07.11.2018 20:50;441;1385;100;Kein Fehler erkannt;0;0;0;;;;;;;
181111_V310_1.csv;07.11.2018 21:50;439;1379;100;Kein Fehler erkannt;0;0;0;;;;;;;
181111_V310_1.csv;07.11.2018 22:50;442;1388;100;Kein Fehler erkannt;0;0;0;;;;;;;
181111_V310_1.csv;07.11.2018 23:50;441;1385;98;Kein Fehler erkannt;1,44;0;0;;;;;;;
181111_V310_1.csv;08.11.2018 00:50;441;1385;98;Kein Fehler erkannt;1,15;0;0;;;;;;;
181111_V310_1.csv;08.11.2018 01:50;437;1372;100;Kein Fehler erkannt;0;0;0;;;;;;;
181111_V310_1.csv;08.11.2018 02:50;452;1420;100;Kein Fehler erkannt;0;0;0,3;;;;;;;
181111_V310_1.csv;08.11.2018 03:51;450;1413;94;Kein Fehler erkannt;6,03;0;0,3;;;;;;;
181111_V310_1.csv;08.11.2018 04:51;459;1441;93;Kein Fehler erkannt;6,35;0;0,89;;;;;;;
181111_V310_1.csv;08.11.2018 05:51;459;1441;98;Kein Fehler erkannt;1,49;0;0,89;;;;;;;
181111_V310_1.csv;08.11.2018 06:51;456;1432;99;Kein Fehler erkannt;0,85;0;0,89;;;;;;;
181111_V310_1.csv;08.11.2018 07:51;457;1435;100;Kein Fehler erkannt;0;0;0,89;;;;;;;
181111_V310_1.csv;08.11.2018 08:51;459;1441;96;Kein Fehler erkannt;3,78;0;0,89;;;;;;;
181111_V310_1.csv;08.11.2018 09:51;460;1445;100;Kein Fehler erkannt;0;0;0,89;;;;;;;
181111_V310_1.csv;08.11.2018 10:52;454;1426;100;Kein Fehler erkannt;0;0;0,89;;;;;;;
181111_V310_1.csv;08.11.2018 11:52;450;1413;100;Kein Fehler erkannt;0;0;0,89;;;;;;;
181111_V310_1.csv;08.11.2018 12:52;449;1410;100;Kein Fehler erkannt;0;0;0,89;;;;;;;
181111_V310_1.csv;08.11.2018 13:52;449;1410;94;Kein Fehler erkannt;5,84;0;0,89;;;;;;;
181111_V310_1.csv;08.11.2018 14:52;449;1410;94;Kein Fehler erkannt;5,73;0;0,89;;;;;;;
181111_V310_1.csv;08.11.2018 15:52;452;1420;100;Kein Fehler erkannt;0;0;0,89;;;;;;;
181111_V310_1.csv;08.11.2018 16:52;452;1420;100;Kein Fehler erkannt;0;0;0,89;;;;;;;
181111_V310_1.csv;08.11.2018 17:53;439;1379;99;Kein Fehler erkannt;0,85;0;0,89;;;;;;;
181111_V310_1.csv;08.11.2018 18:53;439;1379;100;Kein Fehler erkannt;0;0;0,89;;;;;;;
181111_V310_1.csv;08.11.2018 19:53;442;1388;98;Kein Fehler erkannt;1,56;0;0,89;;;;;;;
181111_V310_1.csv;08.11.2018 20:53;437;1372;100;Kein Fehler erkannt;0;0;0,89;;;;;;;
181111_V310_1.csv;08.11.2018 21:53;432;1357;100;Kein Fehler erkannt;0;0;0,89;;;;;;;
181111_V310_1.csv;08.11.2018 22:53;430;1350;98;Kein Fehler erkannt;1,3;0;0,89;;;;;;;
181111_V310_1.csv;08.11.2018 23:53;430;1350;98;Kein Fehler erkannt;1,34;0;0,89;;;;;;;
181111_V310_1.csv;09.11.2018 00:53;430;1350;98;Kein Fehler erkannt;1,56;0;0,89;;;;;;;
181111_V310_1.csv;09.11.2018 01:54;434;1363;100;Kein Fehler erkannt;0;0;0,59;;;;;;;
181111_V310_1.csv;09.11.2018 02:54;434;1363;100;Kein Fehler erkannt;0;0;0,59;;;;;;;
181111_V310_1.csv;09.11.2018 03:54;434;1363;100;Kein Fehler erkannt;0;0;0,59;;;;;;;
181111_V310_1.csv;09.11.2018 04:54;434;1363;100;Kein Fehler erkannt;0;0;0;;;;;;;
181111_V310_1.csv;09.11.2018 05:54;427;1341;98;Kein Fehler erkannt;1,57;0;0;;;;;;;
181111_V310_1.csv;09.11.2018 06:54;423;1328;100;Kein Fehler erkannt;0;0;0;;;;;;;
181111_V310_1.csv;09.11.2018 07:54;425;1335;98;Kein Fehler erkannt;1,34;0;0;;;;;;;
181111_V310_1.csv;09.11.2018 08:55;424;1332;98;Kein Fehler erkannt;1,09;0;0;;;;;;;
181111_V310_1.csv;09.11.2018 09:55;419;1316;100;Kein Fehler erkannt;0;0;0;;;;;;;
181111_V310_1.csv;09.11.2018 10:55;417;1310;98;Kein Fehler erkannt;1,57;0;0;;;;;;;
181111_V310_1.csv;09.11.2018 11:55;417;1310;98;Kein Fehler erkannt;1,57;0;0,3;;;;;;;
181111_V310_1.csv;09.11.2018 12:55;417;1310;98;Kein Fehler erkannt;1,57;0;0,3;;;;;;;
181111_V310_1.csv;09.11.2018 13:55;415;1303;100;Kein Fehler erkannt;0;0;0,3;;;;;;;
181111_V310_1.csv;09.11.2018 14:55;415;1303;100;Kein Fehler erkannt;0;0;0,3;;;;;;;
181111_V310_1.csv;09.11.2018 15:56;411;1291;94;Kein Fehler erkannt;5,58;0;0,3;;;;;;;
181111_V310_1.csv;09.11.2018 16:56;410;1288;100;Kein Fehler erkannt;0;0;0,3;;;;;;;
181111_V310_1.csv;09.11.2018 17:56;410;1288;100;Kein Fehler erkannt;0;0;0,3;;;;;;;
181111_V310_1.csv;09.11.2018 18:56;410;1288;100;Kein Fehler erkannt;0;0;0,3;;;;;;;
181111_V310_1.csv;09.11.2018 19:56;411;1291;94;Kein Fehler erkannt;5,64;0;0,3;;;;;;;
181111_V310_1.csv;09.11.2018 20:56;406;1275;100;Kein Fehler erkannt;0;0;0,3;;;;;;;
181111_V310_1.csv;09.11.2018 21:56;402;1262;98;Kein Fehler erkannt;1,55;0;0,3;;;;;;;
181111_V310_1.csv;09.11.2018 22:57;402;1262;98;Kein Fehler erkannt;1,21;0;0,3;;;;;;;
181111_V310_1.csv;09.11.2018 23:57;402;1262;99;Kein Fehler erkannt;0,85;0;0,3;;;;;;;
181111_V310_1.csv;10.11.2018 00:57;402;1262;98;Kein Fehler erkannt;1,09;0;0,3;;;;;;88;88
181111_V310_1.csv;10.11.2018 01:57;401;1259;96;Kein Fehler erkannt;3,32;0;0,3;;;;;;;
181111_V310_1.csv;10.11.2018 02:57;403;1266;98;Kein Fehler erkannt;1,34;0;0,3;;;;;;;
181111_V310_1.csv;10.11.2018 03:57;402;1262;95;Kein Fehler erkannt;4,89;0;0,3;;;;;;;
181111_V310_1.csv;10.11.2018 04:57;398;1250;100;Kein Fehler erkannt;0;0;0,3;;;;;;;
181111_V310_1.csv;10.11.2018 05:57;396;1244;98;Kein Fehler erkannt;1,41;0;0,3;;;;;;;
181111_V310_1.csv;10.11.2018 06:58;395;1240;100;Kein Fehler erkannt;0;0;0,3;;;;;;;
181111_V310_1.csv;10.11.2018 07:58;393;1234;94;Kein Fehler erkannt;5,89;0;0,3;;;;;;;
181111_V310_1.csv;10.11.2018 08:58;393;1234;94;Kein Fehler erkannt;5,8;0;0,3;;;;;;;
181111_V310_1.csv;10.11.2018 09:58;388;1218;100;Kein Fehler erkannt;0;0;0,3;;;;;;;
181111_V310_1.csv;10.11.2018 10:58;388;1218;100;Kein Fehler erkannt;0;0;0,3;;;;;;;
181111_V310_1.csv;10.11.2018 11:58;385;1209;98;Kein Fehler erkannt;1,09;0;0;;;;;;;
181111_V310_1.csv;10.11.2018 12:58;384;1206;98;Kein Fehler erkannt;1,21;0;0;;;;;;;
181111_V310_1.csv;10.11.2018 13:59;384;1206;95;Kein Fehler erkannt;4,25;0;0;;;;;;;
181111_V310_1.csv;10.11.2018 14:59;385;1209;94;Kein Fehler erkannt;6,09;0;0;;;;;;;
181111_V310_1.csv;10.11.2018 15:59;380;1193;98;Kein Fehler erkannt;1,54;0;0;;;;;;;
181111_V310_1.csv;10.11.2018 16:24;380;1193;98;Kein Fehler erkannt;1,44;0;0;;;;;;;
181111_V310_1.csv;10.11.2018 17:11;380;1193;98;Kein Fehler erkannt;1,55;0;0;;;;;;;
181111_V310_1.csv;10.11.2018 18:11;380;1193;98;Kein Fehler erkannt;1,57;0;0;;;;;;;
181111_V310_1.csv;10.11.2018 19:11;378;1187;93;Kein Fehler erkannt;6,91;0;0;;;;;;;
181111_V310_1.csv;10.11.2018 20:11;377;1184;100;Kein Fehler erkannt;0;0;0;;;;;;;
181111_V310_1.csv;10.11.2018 21:11;375;1178;100;Kein Fehler erkannt;0;0;0;;;;;;;
181111_V310_1.csv;10.11.2018 22:12;374;1174;94;Kein Fehler erkannt;6,26;0;0;;;;;;;
181111_V310_1.csv;10.11.2018 23:12;374;1174;94;Kein Fehler erkannt;6,26;0;0;;;;;;;
181111_V310_1.csv;11.11.2018 00:12;376;1181;96;Kein Fehler erkannt;3,41;0;0;;;;;;;
181111_V310_1.csv;11.11.2018 01:12;391;1228;100;Kein Fehler erkannt;0;0;0,59;;;;;;;
181111_V310_1.csv;11.11.2018 02:12;395;1240;100;Kein Fehler erkannt;0;0;0,59;;;;;;;
181111_V310_1.csv;11.11.2018 03:12;395;1240;99;Kein Fehler erkannt;0,94;0;0,89;;;;;;;
181111_V310_1.csv;11.11.2018 04:12;392;1231;98;Kein Fehler erkannt;1,85;0;0,89;;;;;;;
181122_V310_2.csv;11.11.2018 06:13;397;1247;97;Kein Fehler erkannt;2,61;0;1,18;;;;;;;
181122_V310_2.csv;11.11.2018 07:13;431;1354;94;Kein Fehler erkannt;5,94;0;2,07;;;;;;;
181122_V310_2.csv;11.11.2018 08:01;432;1357;100;Kein Fehler erkannt;0;0;2,36;;;;;;;
181122_V310_2.csv;11.11.2018 08:05;432;1357;100;Kein Fehler erkannt;0;0;2,36;;;;;;;
181122_V310_2.csv;11.11.2018 09:05;434;1363;100;Kein Fehler erkannt;0;0;2,36;;;;;;;
181122_V310_2.csv;11.11.2018 10:05;427;1341;98;Kein Fehler erkannt;1,44;0;2,36;;;;;;;
181122_V310_2.csv;11.11.2018 11:06;429;1347;99;Kein Fehler erkannt;0,62;0;2,36;;;;;;;
181122_V310_2.csv;11.11.2018 12:06;422;1325;98;Kein Fehler erkannt;1,21;0;2,36;;;;;;;
181122_V310_2.csv;11.11.2018 13:06;421;1322;98;Kein Fehler erkannt;1,54;0;2,36;;;;;;;
181122_V310_2.csv;11.11.2018 14:06;418;1313;100;Kein Fehler erkannt;0;0;2,36;;;;;;;
181122_V310_2.csv;11.11.2018 15:06;410;1288;99;Kein Fehler erkannt;1,02;0;2,36;;;;;;;
181122_V310_2.csv;11.11.2018 16:06;413;1297;100;Kein Fehler erkannt;0;0;2,36;;;;;;;
181122_V310_2.csv;11.11.2018 17:06;413;1297;100;Kein Fehler erkannt;0;0;2,36;;;;;;;
181122_V310_2.csv;11.11.2018 18:07;405;1272;94;Kein Fehler erkannt;6,19;0;2,36;;;;;;;
181122_V310_2.csv;11.11.2018 20:07;397;1247;98;Kein Fehler erkannt;1,55;0;2,36;;;;;;;
181122_V310_2.csv;11.11.2018 21:07;399;1253;100;Kein Fehler erkannt;0;0;2,36;;;;;;;
181122_V310_2.csv;11.11.2018 22:07;399;1253;100;Kein Fehler erkannt;0;0;2,36;;;;;;;
181122_V310_2.csv;11.11.2018 23:07;394;1237;97;Kein Fehler erkannt;2,71;0;2,36;;;;;;;
181122_V310_2.csv;12.11.2018 00:08;393;1234;100;Kein Fehler erkannt;0;0;2,07;;;;;;;
181122_V310_2.csv;12.11.2018 01:08;393;1234;100;Kein Fehler erkannt;0;0;1,77;;;;;;;
181122_V310_2.csv;12.11.2018 02:08;393;1234;100;Kein Fehler erkannt;0;0;1,48;;;;;;;
181122_V310_2.csv;12.11.2018 03:08;393;1234;100;Kein Fehler erkannt;0;0;1,48;;;;;;;
181122_V310_2.csv;12.11.2018 04:08;393;1234;100;Kein Fehler erkannt;0;0;1,48;;;;;;;
181122_V310_2.csv;12.11.2018 05:08;393;1234;100;Kein Fehler erkannt;0;0;1,48;;;;;;;
181122_V310_2.csv;12.11.2018 06:08;389;1222;99;Kein Fehler erkannt;0,94;0;0,89;;;;;;;
181122_V310_2.csv;12.11.2018 07:09;389;1222;98;Kein Fehler erkannt;1,44;0;0;;;;;;;
181122_V310_2.csv;12.11.2018 08:09;389;1222;98;Kein Fehler erkannt;1,15;0;0;;;;;;;
181122_V310_2.csv;12.11.2018 09:09;389;1222;98;Kein Fehler erkannt;1,21;0;0;;;;;;;
181122_V310_2.csv;12.11.2018 10:09;389;1222;98;Kein Fehler erkannt;1,09;0;0;;;;;;;
181122_V310_2.csv;12.11.2018 11:09;389;1222;98;Kein Fehler erkannt;1,51;0;0;;;;;;;
181122_V310_2.csv;12.11.2018 12:09;389;1222;98;Kein Fehler erkannt;1,55;0;0;;;;;;;
181122_V310_2.csv;12.11.2018 13:09;389;1222;98;Kein Fehler erkannt;1,57;0;0;;;;;;;
181122_V310_2.csv;12.11.2018 14:10;388;1218;99;Kein Fehler erkannt;0,62;0;0;;;;;;;
181122_V310_2.csv;12.11.2018 15:10;388;1218;100;Kein Fehler erkannt;0;0;0;;;;;;;
181122_V310_2.csv;12.11.2018 16:10;388;1218;100;Kein Fehler erkannt;0;0;0;;;;;;;
181122_V310_2.csv;12.11.2018 17:10;388;1218;99;Kein Fehler erkannt;0,62;0;0;;;;;;;
181122_V310_2.csv;12.11.2018 18:10;388;1218;99;Kein Fehler erkannt;0,85;0;0;;;;;;;
181122_V310_2.csv;12.11.2018 19:10;388;1218;100;Kein Fehler erkannt;0;0;0;;;;;;;
181122_V310_2.csv;12.11.2018 20:10;384;1206;100;Kein Fehler erkannt;0;0;0;;;;;;;
181122_V310_2.csv;12.11.2018 21:10;384;1206;100;Kein Fehler erkannt;0;0;0;;;;;;;
181122_V310_2.csv;12.11.2018 22:11;380;1193;100;Kein Fehler erkannt;0;0;0;;;;;;;
181122_V310_2.csv;12.11.2018 23:11;380;1193;93;Kein Fehler erkannt;7,07;0;0;;;;;;;
181122_V310_2.csv;13.11.2018 00:11;381;1196;98;Kein Fehler erkannt;1,3;0;0;;;;;;38;63
181122_V310_2.csv;13.11.2018 01:11;392;1231;94;Kein Fehler erkannt;6,19;0;0,3;;;;;;;
181122_V310_2.csv;13.11.2018 02:11;393;1234;100;Kein Fehler erkannt;0;0;0,59;;;;;;;
181122_V310_2.csv;13.11.2018 03:11;399;1253;100;Kein Fehler erkannt;0;0;0,59;;;;;;;
181122_V310_2.csv;13.11.2018 04:11;399;1253;99;Kein Fehler erkannt;0,94;0;0,59;;;;;;;
181122_V310_2.csv;13.11.2018 05:12;404;1269;100;Kein Fehler erkannt;0;0;0,89;;;;;;;
181122_V310_2.csv;13.11.2018 06:12;399;1253;98;Kein Fehler erkannt;1,44;0;0,89;;;;;;;
181122_V310_2.csv;13.11.2018 07:12;408;1281;100;Kein Fehler erkannt;0;0;1,48;;;;;;;
181122_V310_2.csv;13.11.2018 08:12;418;1313;98;Kein Fehler erkannt;1,44;0;1,77;;;;;;;
181122_V310_2.csv;13.11.2018 09:12;440;1382;99;Kein Fehler erkannt;1,02;0;2,36;;;;;;;
181122_V310_2.csv;13.11.2018 10:12;452;1420;100;Kein Fehler erkannt;0;0;2,95;;;;;;;
181122_V310_2.csv;13.11.2018 11:12;453;1423;100;Kein Fehler erkannt;0;0;2,95;;;;;;;
181122_V310_2.csv;13.11.2018 12:13;454;1426;100;Kein Fehler erkannt;0;0;2,95;;;;;;;
181122_V310_2.csv;13.11.2018 13:13;453;1423;100;Kein Fehler erkannt;0;0;2,95;;;;;;;
181122_V310_2.csv;13.11.2018 14:12;454;1426;97;Kein Fehler erkannt;2,68;0;2,95;;;;;;;
181122_V310_2.csv;13.11.2018 15:12;450;1413;99;Kein Fehler erkannt;0,75;0;2,95;;;;;;;
181122_V310_2.csv;13.11.2018 16:13;450;1413;97;Kein Fehler erkannt;2,58;0;2,95;;;;;;;
181122_V310_2.csv;13.11.2018 17:13;450;1413;100;Kein Fehler erkannt;0;0;2,95;;;;;;;
181122_V310_2.csv;13.11.2018 18:13;450;1413;100;Kein Fehler erkannt;0;0;2,95;;;;;;;
181122_V310_2.csv;13.11.2018 18:28;448;1407;98;Kein Fehler erkannt;1,09;0;2,95;;;;;;;
181122_V310_2.csv;13.11.2018 19:28;448;1407;100;Kein Fehler erkannt;0;0;2,95;;;;;;;
181122_V310_2.csv;13.11.2018 20:28;448;1407;94;Kein Fehler erkannt;6,16;0;2,95;;;;;;;
181122_V310_2.csv;13.11.2018 21:28;440;1382;100;Kein Fehler erkannt;0;0;2,95;;;;;;;
181122_V310_2.csv;13.11.2018 22:28;439;1379;100;Kein Fehler erkannt;0;0;2,95;;;;;;;
181122_V310_2.csv;13.11.2018 23:28;435;1366;99;Kein Fehler erkannt;0,94;0;2,95;;;;;;;
181122_V310_2.csv;14.11.2018 00:28;435;1366;98;Kein Fehler erkannt;1,09;0;2,65;;;;;;;
181122_V310_2.csv;14.11.2018 01:29;435;1366;98;Kein Fehler erkannt;1,57;0;2,36;;;;;;;
181122_V310_2.csv;14.11.2018 02:29;435;1366;98;Kein Fehler erkannt;1,38;0;2,36;;;;;;;
181122_V310_2.csv;14.11.2018 03:29;435;1366;100;Kein Fehler erkannt;0;0;2,36;;;;;;;
181122_V310_2.csv;14.11.2018 04:29;435;1366;100;Kein Fehler erkannt;0;0;2,07;;;;;;;
181122_V310_2.csv;14.11.2018 05:29;436;1369;94;Kein Fehler erkannt;5,99;0;2,07;;;;;;;
181122_V310_2.csv;14.11.2018 06:29;436;1369;94;Kein Fehler erkannt;5,78;0;1,77;;;;;;;
181122_V310_2.csv;14.11.2018 07:29;430;1350;100;Kein Fehler erkannt;0;0;1,18;;;;;;;
181122_V310_2.csv;14.11.2018 08:29;436;1369;100;Kein Fehler erkannt;0;0;0,59;;;;;;;
181122_V310_2.csv;14.11.2018 09:30;437;1372;100;Kein Fehler erkannt;0;0;0;;;;;;;
181122_V310_2.csv;14.11.2018 10:30;437;1372;100;Kein Fehler erkannt;0;0;0;;;;;;;
181122_V310_2.csv;14.11.2018 11:30;432;1357;96;Kein Fehler erkannt;3,93;0;0;;;;;;;
181122_V310_2.csv;14.11.2018 12:30;430;1350;95;Kein Fehler erkannt;4,86;0;0;;;;;;;
181122_V310_2.csv;14.11.2018 13:30;433;1360;100;Kein Fehler erkannt;0;0;0;;;;;;;
181122_V310_2.csv;14.11.2018 14:30;427;1341;98;Kein Fehler erkannt;1,56;0;0;;;;;;;
181122_V310_2.csv;14.11.2018 15:30;428;1344;99;Kein Fehler erkannt;0,75;0;0;;;;;;;
181122_V310_2.csv;14.11.2018 16:31;428;1344;100;Kein Fehler erkannt;0;0;0;;;;;;;
181122_V310_2.csv;14.11.2018 17:31;422;1325;97;Kein Fehler erkannt;2,75;0;0;;;;;;;
181122_V310_2.csv;14.11.2018 18:31;417;1310;100;Kein Fehler erkannt;0;0;0;;;;;;;
181122_V310_2.csv;14.11.2018 19:31;418;1313;94;Kein Fehler erkannt;5,31;0;0;;;;;;;
181122_V310_2.csv;14.11.2018 20:31;419;1316;98;Kein Fehler erkannt;1,56;0;0;;;;;;;
181122_V310_2.csv;14.11.2018 21:31;413;1297;99;Kein Fehler erkannt;0,94;0;0;;;;;;;
181122_V310_2.csv;14.11.2018 22:31;413;1297;100;Kein Fehler erkannt;0;0;0;;;;;;;
181122_V310_2.csv;14.11.2018 23:32;415;1303;98;Kein Fehler erkannt;1,57;0;0;;;;;;;
181122_V310_2.csv;15.11.2018 00:32;415;1303;98;Kein Fehler erkannt;1,34;0;0;;;;;;63;63
181122_V310_2.csv;15.11.2018 01:32;411;1291;93;Kein Fehler erkannt;6,89;0;0;;;;;;;
181122_V310_2.csv;15.11.2018 02:32;410;1288;100;Kein Fehler erkannt;0;0;0;;;;;;;
181122_V310_2.csv;15.11.2018 03:32;409;1284;98;Kein Fehler erkannt;1,34;0;0;;;;;;;
181122_V310_2.csv;15.11.2018 04:32;409;1284;98;Kein Fehler erkannt;1,38;0;0;;;;;;;
181122_V310_2.csv;15.11.2018 05:32;406;1275;100;Kein Fehler erkannt;0;0;0;;;;;;;
181122_V310_2.csv;15.11.2018 06:32;403;1266;96;Kein Fehler erkannt;3,66;0;0;;;;;;;
181122_V310_2.csv;15.11.2018 07:33;402;1262;100;Kein Fehler erkannt;0;0;0;;;;;;;
181122_V310_2.csv;15.11.2018 08:33;402;1262;100;Kein Fehler erkannt;0;0;0;;;;;;;
181122_V310_2.csv;15.11.2018 09:33;402;1262;100;Kein Fehler erkannt;0;0;0;;;;;;;
181122_V310_2.csv;15.11.2018 10:33;401;1259;98;Kein Fehler erkannt;1,41;0;0;;;;;;;
181122_V310_2.csv;15.11.2018 11:33;401;1259;98;Kein Fehler erkannt;1,15;0;0;;;;;;;
181122_V310_2.csv;15.11.2018 12:33;401;1259;98;Kein Fehler erkannt;1,49;0;0;;;;;;;
181122_V310_2.csv;15.11.2018 13:33;401;1259;98;Kein Fehler erkannt;1,57;0;0;;;;;;;
181122_V310_2.csv;15.11.2018 14:34;401;1259;98;Kein Fehler erkannt;1,56;0;0;;;;;;;
181122_V310_2.csv;15.11.2018 15:34;401;1259;98;Kein Fehler erkannt;1,56;0;0;;;;;;;
181122_V310_2.csv;15.11.2018 16:34;399;1253;100;Kein Fehler erkannt;0;0;0;;;;;;;
181122_V310_2.csv;15.11.2018 17:34;397;1247;98;Kein Fehler erkannt;1,26;0;0;;;;;;;
181122_V310_2.csv;15.11.2018 18:34;396;1244;98;Kein Fehler erkannt;1,52;0;0;;;;;;;
181122_V310_2.csv;15.11.2018 19:34;395;1240;99;Kein Fehler erkannt;0,75;0;0;;;;;;;
181122_V310_2.csv;15.11.2018 20:34;395;1240;95;Kein Fehler erkannt;4,97;0;0;;;;;;;
181122_V310_2.csv;15.11.2018 21:35;395;1240;94;Kein Fehler erkannt;5,92;0;0;;;;;;;
181122_V310_2.csv;15.11.2018 22:35;395;1240;94;Kein Fehler erkannt;5,8;0;0;;;;;;;
181122_V310_2.csv;15.11.2018 23:35;391;1228;98;Kein Fehler erkannt;1,41;0;0;;;;;;;
181122_V310_2.csv;16.11.2018 00:35;391;1228;100;Kein Fehler erkannt;0;0;0;;;;;;75;66
181122_V310_2.csv;16.11.2018 01:35;391;1228;100;Kein Fehler erkannt;0;0;0;;;;;;;
181122_V310_2.csv;16.11.2018 02:35;391;1228;96;Kein Fehler erkannt;3,75;0;0;;;;;;;
181122_V310_2.csv;16.11.2018 03:35;390;1225;98;Kein Fehler erkannt;1,41;0;0;;;;;;;
181122_V310_2.csv;16.11.2018 04:36;390;1225;99;Kein Fehler erkannt;0,44;0;0;;;;;;;
181122_V310_2.csv;16.11.2018 05:36;386;1212;98;Kein Fehler erkannt;1,32;0;0;;;;;;;
181122_V310_2.csv;16.11.2018 06:36;384;1206;98;Kein Fehler erkannt;1,26;0;0;;;;;;;
181122_V310_2.csv;16.11.2018 07:36;383;1203;100;Kein Fehler erkannt;0;0;0;;;;;;;
181122_V310_2.csv;16.11.2018 08:36;379;1190;98;Kein Fehler erkannt;1,21;0;0;;;;;;;
181122_V310_2.csv;16.11.2018 09:36;378;1187;100;Kein Fehler erkannt;0;0;0;;;;;;;
181122_V310_2.csv;16.11.2018 10:36;377;1184;100;Kein Fehler erkannt;0;0;0;;;;;;;
181122_V310_2.csv;16.11.2018 11:36;377;1184;100;Kein Fehler erkannt;0;0;0;;;;;;;
181122_V310_2.csv;16.11.2018 12:37;377;1184;100;Kein Fehler erkannt;0;0;0;;;;;;;
181122_V310_2.csv;16.11.2018 13:37;371;1165;98;Kein Fehler erkannt;1,26;0;0;;;;;;;
181122_V310_2.csv;16.11.2018 14:37;368;1156;99;Kein Fehler erkannt;0,75;0;0;;;;;;;
181122_V310_2.csv;16.11.2018 15:37;367;1152;98;Kein Fehler erkannt;1,09;0;0;;;;;;;
181122_V310_2.csv;16.11.2018 16:37;365;1146;99;Kein Fehler erkannt;0,85;0;0;;;;;;;
181122_V310_2.csv;16.11.2018 17:37;364;1143;98;Kein Fehler erkannt;1,44;0;0;;;;;;;
181122_V310_2.csv;16.11.2018 18:37;364;1143;100;Kein Fehler erkannt;0;0;0;;;;;;;
181122_V310_2.csv;16.11.2018 19:38;356;1118;100;Kein Fehler erkannt;0;0;0;;;;;;;
181122_V310_2.csv;16.11.2018 20:38;355;1115;98;Kein Fehler erkannt;1,47;0;0;;;;;;;
181122_V310_2.csv;16.11.2018 21:38;355;1115;98;Kein Fehler erkannt;1,51;0;0;;;;;;;
181122_V310_2.csv;16.11.2018 22:38;353;1108;100;Kein Fehler erkannt;0;0;0;;;;;;;
181122_V310_2.csv;16.11.2018 23:38;353;1108;100;Kein Fehler erkannt;0;0;0;;;;;;;
181122_V310_2.csv;17.11.2018 00:38;353;1108;95;Kein Fehler erkannt;5,09;0;0;;;;;;120;76
181122_V310_2.csv;17.11.2018 01:38;355;1115;94;Kein Fehler erkannt;5,83;0;0;;;;;;;
181122_V310_2.csv;17.11.2018 02:39;354;1112;94;Kein Fehler erkannt;5,83;0;0;;;;;;;
181122_V310_2.csv;17.11.2018 03:39;351;1102;98;Kein Fehler erkannt;1,52;0;0;;;;;;;
181122_V310_2.csv;17.11.2018 04:39;351;1102;99;Kein Fehler erkannt;0,44;0;0;;;;;;;
181122_V310_2.csv;17.11.2018 05:39;351;1102;100;Kein Fehler erkannt;0;0;0;;;;;;;
181122_V310_2.csv;17.11.2018 06:39;351;1102;100;Kein Fehler erkannt;0;0;0;;;;;;;
181122_V310_2.csv;17.11.2018 07:39;349;1096;95;Kein Fehler erkannt;5,15;0;0;;;;;;;
181122_V310_2.csv;17.11.2018 08:39;345;1083;99;Kein Fehler erkannt;0,44;0;0;;;;;;;
181122_V310_2.csv;17.11.2018 09:39;349;1096;94;Kein Fehler erkannt;6,26;0;0,3;;;;;;;
181122_V310_2.csv;17.11.2018 10:40;347;1090;100;Kein Fehler erkannt;0;0;0,3;;;;;;;
181122_V310_2.csv;17.11.2018 11:40;347;1090;97;Kein Fehler erkannt;2,46;0;0,3;;;;;;;
181122_V310_2.csv;17.11.2018 12:40;347;1090;99;Kein Fehler erkannt;0,44;0;0,3;;;;;;;
181122_V310_2.csv;17.11.2018 13:40;344;1080;98;Kein Fehler erkannt;1,57;0;0,3;;;;;;;
181122_V310_2.csv;17.11.2018 14:40;344;1080;100;Kein Fehler erkannt;0;0;0,3;;;;;;;
181122_V310_2.csv;17.11.2018 15:40;345;1083;94;Kein Fehler erkannt;5,76;0;0,3;;;;;;;
181122_V310_2.csv;17.11.2018 16:40;342;1074;98;Kein Fehler erkannt;1,49;0;0,3;;;;;;;
181122_V310_2.csv;17.11.2018 17:41;339;1065;96;Kein Fehler erkannt;3,62;0;0,3;;;;;;;
181122_V310_2.csv;17.11.2018 18:41;336;1055;95;Kein Fehler erkannt;5,11;0;0,3;;;;;;;
181122_V310_2.csv;17.11.2018 19:41;334;1049;100;Kein Fehler erkannt;0;0;0,3;;;;;;;
181122_V310_2.csv;17.11.2018 20:27;333;1046;100;Kein Fehler erkannt;0;0;0,3;;;;;;;
181122_V310_2.csv;17.11.2018 21:18;331;1039;95;Kein Fehler erkannt;4,83;0;0,3;;;;;;;
181122_V310_2.csv;17.11.2018 22:18;333;1046;98;Kein Fehler erkannt;1,32;0;0,3;;;;;;;
181122_V310_2.csv;17.11.2018 23:19;333;1046;95;Kein Fehler erkannt;5,1;0;0,3;;;;;;;
181122_V310_2.csv;18.11.2018 00:19;329;1033;98;Kein Fehler erkannt;1,38;0;0,3;;;;;;;
181122_V310_2.csv;18.11.2018 01:19;329;1033;98;Kein Fehler erkannt;1,09;0;0,3;;;;;;;
181122_V310_2.csv;18.11.2018 02:19;329;1033;100;Kein Fehler erkannt;0;0;0,3;;;;;;;
181122_V310_2.csv;18.11.2018 03:19;329;1033;99;Kein Fehler erkannt;0,62;0;0,3;;;;;;;
181122_V310_2.csv;18.11.2018 04:19;329;1033;100;Kein Fehler erkannt;0;0;0,3;;;;;;;
181122_V310_2.csv;18.11.2018 05:19;329;1033;100;Kein Fehler erkannt;0;0;0,3;;;;;;;
181122_V310_2.csv;18.11.2018 06:19;327;1027;100;Kein Fehler erkannt;0;0;0,3;;;;;;;
181122_V310_2.csv;18.11.2018 07:20;327;1027;100;Kein Fehler erkannt;0;0;0,3;;;;;;;
181122_V310_2.csv;18.11.2018 08:20;323;1014;98;Kein Fehler erkannt;1,41;0;0;;;;;;;
181122_V310_2.csv;18.11.2018 09:20;318;999;98;Kein Fehler erkannt;1,41;0;0;;;;;;;
181122_V310_2.csv;18.11.2018 10:20;316;992;98;Kein Fehler erkannt;1,56;0;0;;;;;;;
181122_V310_2.csv;18.11.2018 11:20;316;992;100;Kein Fehler erkannt;0;0;0;;;;;;;
181122_V310_2.csv;18.11.2018 12:20;314;986;98;Kein Fehler erkannt;1,55;0;0;;;;;;;
181122_V310_2.csv;18.11.2018 13:20;314;986;94;Kein Fehler erkannt;5,62;0;0;;;;;;;
181122_V310_2.csv;18.11.2018 14:21;315;989;94;Kein Fehler erkannt;5,79;0;0;;;;;;;
181122_V310_2.csv;18.11.2018 15:21;310;973;94;Kein Fehler erkannt;5,8;0;0;;;;;;;
181122_V310_2.csv;18.11.2018 16:21;307;964;100;Kein Fehler erkannt;0;0;0;;;;;;;
181122_V310_2.csv;18.11.2018 17:21;307;964;100;Kein Fehler erkannt;0;0;nan;;;;;;;
181122_V310_2.csv;18.11.2018 18:21;307;964;100;Kein Fehler erkannt;0;0;0;;;;;;;
181122_V310_2.csv;18.11.2018 19:21;305;958;95;Kein Fehler erkannt;4,36;0;0;;;;;;;
181122_V310_2.csv;18.11.2018 20:21;303;951;100;Kein Fehler erkannt;0;0;0;;;;;;;
181122_V310_2.csv;18.11.2018 21:22;301;945;100;Kein Fehler erkannt;0;0;0;;;;;;;
181122_V310_2.csv;18.11.2018 22:22;300;942;97;Kein Fehler erkannt;3,07;0;0;;;;;;;
181122_V310_2.csv;18.11.2018 23:22;300;942;96;Kein Fehler erkannt;3,44;0;0;;;;;;;
181122_V310_2.csv;19.11.2018 00:22;298;936;100;Kein Fehler erkannt;0;0;0;;;;;;97;80
181122_V310_2.csv;19.11.2018 01:22;297;933;99;Kein Fehler erkannt;0,94;0;0;;;;;;;
181122_V310_2.csv;19.11.2018 02:22;296;929;98;Kein Fehler erkannt;1,26;0;0;;;;;;;
181122_V310_2.csv;19.11.2018 03:22;296;929;98;Kein Fehler erkannt;1,3;0;0;;;;;;;
181122_V310_2.csv;19.11.2018 04:23;296;929;100;Kein Fehler erkannt;0;0;0;;;;;;;
181122_V310_2.csv;19.11.2018 05:23;294;923;98;Kein Fehler erkannt;1,44;0;0;;;;;;;
181122_V310_2.csv;19.11.2018 06:23;290;911;100;Kein Fehler erkannt;0;0;0;;;;;;;
181122_V310_2.csv;19.11.2018 07:23;289;907;98;Kein Fehler erkannt;1,15;0;0;;;;;;;
181122_V310_2.csv;19.11.2018 08:23;285;895;98;Kein Fehler erkannt;1,55;0;0;;;;;;;
181122_V310_2.csv;19.11.2018 09:23;284;892;99;Kein Fehler erkannt;0,85;0;0;;;;;;;
181122_V310_2.csv;19.11.2018 10:23;284;892;98;Kein Fehler erkannt;1,57;0;0;;;;;;;
181122_V310_2.csv;19.11.2018 11:23;283;889;99;Kein Fehler erkannt;0,75;0;0;;;;;;;
181122_V310_2.csv;19.11.2018 12:24;281;882;98;Kein Fehler erkannt;1,49;0;0;;;;;;;
181122_V310_2.csv;19.11.2018 13:24;279;876;98;Kein Fehler erkannt;1,56;0;0;;;;;;;
181122_V310_2.csv;19.11.2018 14:24;279;876;100;Kein Fehler erkannt;0;0;0;;;;;;;
181122_V310_2.csv;19.11.2018 15:24;277;870;98;Kein Fehler erkannt;1,15;0;0;;;;;;;
181122_V310_2.csv;19.11.2018 16:24;277;870;100;Kein Fehler erkannt;0;0;0;;;;;;;
181122_V310_2.csv;19.11.2018 17:24;276;867;98;Kein Fehler erkannt;1,41;0;0;;;;;;;
181122_V310_2.csv;19.11.2018 18:24;272;854;100;Kein Fehler erkannt;0;0;0;;;;;;;
181122_V310_2.csv;19.11.2018 19:25;271;851;99;Kein Fehler erkannt;0,94;0;0;;;;;;;
181122_V310_2.csv;19.11.2018 20:25;271;851;98;Kein Fehler erkannt;1,52;0;0;;;;;;;
181122_V310_2.csv;19.11.2018 21:25;270;848;98;Kein Fehler erkannt;1,57;0;0;;;;;;;
181122_V310_2.csv;19.11.2018 22:25;269;845;98;Kein Fehler erkannt;1,3;0;0;;;;;;;
181122_V310_2.csv;19.11.2018 23:25;267;838;98;Kein Fehler erkannt;1,21;0;0;;;;;;;
181122_V310_2.csv;20.11.2018 00:25;266;835;98;Kein Fehler erkannt;1,47;0;0;;;;;;101;83
181122_V310_2.csv;20.11.2018 01:25;266;835;98;Kein Fehler erkannt;1,47;0;0;;;;;;;
181122_V310_2.csv;20.11.2018 02:26;266;835;98;Kein Fehler erkannt;1,44;0;0;;;;;;;
181122_V310_2.csv;20.11.2018 03:26;266;835;98;Kein Fehler erkannt;1,57;0;0;;;;;;;
181122_V310_2.csv;20.11.2018 04:26;266;835;98;Kein Fehler erkannt;1,41;0;0;;;;;;;
181122_V310_2.csv;20.11.2018 05:26;265;832;100;Kein Fehler erkannt;0;0;0;;;;;;;
181122_V310_2.csv;20.11.2018 06:26;259;813;100;Kein Fehler erkannt;0;0;0;;;;;;;
181122_V310_2.csv;20.11.2018 07:26;258;810;100;Kein Fehler erkannt;0;0;0;;;;;;;
181122_V310_2.csv;20.11.2018 08:26;257;807;100;Kein Fehler erkannt;0;0;0;;;;;;;
181122_V310_2.csv;20.11.2018 09:26;256;804;100;Kein Fehler erkannt;0;0;0;;;;;;;
181122_V310_2.csv;20.11.2018 10:27;255;801;100;Kein Fehler erkannt;0;0;0;;;;;;;
181122_V310_2.csv;20.11.2018 11:27;255;801;100;Kein Fehler erkannt;0;0;0;;;;;;;
181122_V310_2.csv;20.11.2018 12:27;255;801;100;Kein Fehler erkannt;0;0;0;;;;;;;
181122_V310_2.csv;20.11.2018 13:27;254;797;99;Kein Fehler erkannt;1,02;0;0;;;;;;;
181122_V310_2.csv;20.11.2018 14:27;254;797;100;Kein Fehler erkannt;0;0;0;;;;;;;
181122_V310_2.csv;20.11.2018 15:27;254;797;100;Kein Fehler erkannt;0;0;0;;;;;;;
181122_V310_2.csv;20.11.2018 16:27;251;788;99;Kein Fehler erkannt;0,94;0;0;;;;;;;
181122_V310_2.csv;20.11.2018 17:28;251;788;98;Kein Fehler erkannt;1,34;0;0;;;;;;;
181122_V310_2.csv;20.11.2018 18:28;250;785;99;Kein Fehler erkannt;1,02;0;0;;;;;;;
181122_V310_2.csv;20.11.2018 19:28;249;782;98;Kein Fehler erkannt;1,44;0;0;;;;;;;
181122_V310_2.csv;20.11.2018 20:28;247;775;100;Kein Fehler erkannt;0;0;0;;;;;;;
181122_V310_2.csv;20.11.2018 21:28;245;769;98;Kein Fehler erkannt;1,47;0;0;;;;;;;
181122_V310_2.csv;20.11.2018 22:28;243;763;98;Kein Fehler erkannt;1,49;0;0;;;;;;;
181122_V310_2.csv;20.11.2018 23:28;242;760;100;Kein Fehler erkannt;0;0;0;;;;;;;
181122_V310_2.csv;21.11.2018 00:29;242;760;100;Kein Fehler erkannt;0;0;0;;;;;;75;82
181122_V310_2.csv;21.11.2018 01:29;242;760;100;Kein Fehler erkannt;0;0;0;;;;;;;
181122_V310_2.csv;21.11.2018 02:29;242;760;100;Kein Fehler erkannt;0;0;0;;;;;;;
181122_V310_2.csv;21.11.2018 03:29;242;760;100;Kein Fehler erkannt;0;0;0;;;;;;;
181122_V310_2.csv;21.11.2018 04:29;241;757;100;Kein Fehler erkannt;0;0;0;;;;;;;
181122_V310_2.csv;21.11.2018 05:29;239;750;99;Kein Fehler erkannt;0,44;0;0;;;;;;;
181122_V310_2.csv;21.11.2018 06:29;234;735;98;Kein Fehler erkannt;1,38;0;0;;;;;;;
181122_V310_2.csv;21.11.2018 07:29;234;735;98;Kein Fehler erkannt;1,57;0;0;;;;;;;
181122_V310_2.csv;21.11.2018 08:30;234;735;98;Kein Fehler erkannt;1,57;0;0;;;;;;;
181122_V310_2.csv;21.11.2018 09:30;234;735;98;Kein Fehler erkannt;1,57;0;0;;;;;;;
181122_V310_2.csv;21.11.2018 10:30;235;738;100;Kein Fehler erkannt;0;0;0;;;;;;;
181122_V310_2.csv;21.11.2018 11:30;235;738;98;Kein Fehler erkannt;1,49;0;0;;;;;;;
181122_V310_2.csv;21.11.2018 12:30;235;738;100;Kein Fehler erkannt;0;0;0;;;;;;;
181122_V310_2.csv;21.11.2018 13:30;233;731;100;Kein Fehler erkannt;0;0;0;;;;;;;
181122_V310_2.csv;21.11.2018 14:30;233;731;100;Kein Fehler erkannt;0;0;0;;;;;;;
181122_V310_2.csv;21.11.2018 15:31;233;731;100;Kein Fehler erkannt;0;0;0;;;;;;;
181122_V310_2.csv;21.11.2018 16:31;232;728;98;Kein Fehler erkannt;1,57;0;0;;;;;;;
181122_V310_2.csv;21.11.2018 17:31;229;719;98;Kein Fehler erkannt;1,49;0;0;;;;;;;
181122_V310_2.csv;21.11.2018 18:31;225;706;99;Kein Fehler erkannt;0,62;0;0;;;;;;;
181122_V310_2.csv;21.11.2018 19:31;225;706;98;Kein Fehler erkannt;1,3;0;0;;;;;;;
181122_V310_2.csv;21.11.2018 20:31;225;706;100;Kein Fehler erkannt;0;0;0;;;;;;;
181122_V310_2.csv;21.11.2018 21:31;223;700;100;Kein Fehler erkannt;0;0;0;;;;;;;
181122_V310_2.csv;21.11.2018 22:32;223;700;100;Kein Fehler erkannt;0;0;0;;;;;;;
181122_V310_2.csv;21.11.2018 23:32;222;697;98;Kein Fehler erkannt;1,38;0;0;;;;;;;
181122_V310_2.csv;22.11.2018 00:32;223;700;100;Kein Fehler erkannt;0;0;0;;;;;;60;79
181122_V310_2.csv;22.11.2018 01:32;223;700;100;Kein Fehler erkannt;0;0;0;;;;;;;
181122_V310_2.csv;22.11.2018 02:32;222;697;98;Kein Fehler erkannt;1,44;0;0;;;;;;;
181122_V310_2.csv;22.11.2018 03:32;220;691;100;Kein Fehler erkannt;0;0;0;;;;;;;
181122_V310_2.csv;22.11.2018 04:32;220;691;100;Kein Fehler erkannt;0;0;0;;;;;;;
181122_V310_2.csv;22.11.2018 05:32;213;669;99;Kein Fehler erkannt;0,94;0;0;;;;;;;
181122_V310_2.csv;22.11.2018 06:33;213;669;100;Kein Fehler erkannt;0;0;0;;;;;;;
181122_V310_2.csv;22.11.2018 07:33;211;662;100;Kein Fehler erkannt;0;0;0;;;;;;;
181122_V310_2.csv;22.11.2018 08:33;211;662;100;Kein Fehler erkannt;0;0;0;;;;;;;
181122_V310_2.csv;22.11.2018 09:33;211;662;100;Kein Fehler erkannt;0;0;0;;;;;;;
181122_V310_2.csv;22.11.2018 10:33;211;662;100;Kein Fehler erkannt;0;0;0;;;;;;;
181122_V310_2.csv;22.11.2018 11:33;211;662;100;Kein Fehler erkannt;0;0;0;;;;;;;
181122_V310_2.csv;22.11.2018 12:33;211;662;100;Kein Fehler erkannt;0;0;0;;;;;;;
181122_V310_2.csv;22.11.2018 13:34;211;662;100;Kein Fehler erkannt;0;0;0;;;;;;;
181122_V310_2.csv;22.11.2018 14:34;211;662;100;Kein Fehler erkannt;0;0;0;;;;;;;
181122_V310_2.csv;22.11.2018 15:34;211;662;100;Kein Fehler erkannt;0;0;0;;;;;;;
181122_V310_2.csv;22.11.2018 16:34;211;662;100;Kein Fehler erkannt;0;0;0;;;;;;;
181122_V310_2.csv;22.11.2018 17:34;210;659;98;Kein Fehler erkannt;1,15;0;0;;;;;;;
181122_V310_2.csv;22.11.2018 18:34;206;647;98;Kein Fehler erkannt;1,15;0;0;;;;;;;
181122_V310_2.csv;22.11.2018 19:34;202;634;100;Kein Fehler erkannt;0;0;0;;;;;;;
181122_V310_2.csv;22.11.2018 20:35;201;631;98;Kein Fehler erkannt;1,52;0;0;;;;;;;
181202_V310_3.csv;22.11.2018 21:37;204;640;98;Kein Fehler erkannt;1,56;20;0;;;;;;;
181202_V310_3.csv;22.11.2018 22:35;204;640;100;Kein Fehler erkannt;0;20;0;;;;;;;
181202_V310_3.csv;22.11.2018 23:35;204;640;100;Kein Fehler erkannt;0;20;0;;;;;;;
181202_V310_3.csv;23.11.2018 00:35;204;640;100;Kein Fehler erkannt;0;20;0;;;;;;80;79
181202_V310_3.csv;23.11.2018 01:35;204;640;100;Kein Fehler erkannt;0;20;0;;;;;;;
181202_V310_3.csv;23.11.2018 02:35;203;637;98;Kein Fehler erkannt;1,55;20;0;;;;;;;
181202_V310_3.csv;23.11.2018 03:35;203;637;99;Kein Fehler erkannt;1,02;20;0;;;;;;;
181202_V310_3.csv;23.11.2018 04:36;203;637;100;Kein Fehler erkannt;0;20;0;;;;;;;
181202_V310_3.csv;23.11.2018 05:36;198;622;100;Kein Fehler erkannt;0;20;0;;;;;;;
181202_V310_3.csv;23.11.2018 05:38;204;640;98;Kein Fehler erkannt;1,73;40;0;;;;;;;
181202_V310_3.csv;23.11.2018 06:36;201;631;99;Kein Fehler erkannt;0,62;40;0;;;;;;;
181202_V310_3.csv;23.11.2018 07:36;198;622;100;Kein Fehler erkannt;0;40;0;;;;;;;
181202_V310_3.csv;23.11.2018 07:39;204;640;98;Kein Fehler erkannt;1,57;60;0;;;;;;;
181202_V310_3.csv;23.11.2018 08:36;202;634;100;Kein Fehler erkannt;0;60;0;;;;;;;
181202_V310_3.csv;23.11.2018 09:36;200;628;99;Kein Fehler erkannt;0,44;60;0;;;;;;;
181202_V310_3.csv;23.11.2018 10:36;200;628;100;Kein Fehler erkannt;0;60;0;;;;;;;
181202_V310_3.csv;23.11.2018 11:37;200;628;100;Kein Fehler erkannt;0;60;0;;;;;;;
181202_V310_3.csv;23.11.2018 12:37;198;622;100;Kein Fehler erkannt;0;60;0;;;;;;;
181202_V310_3.csv;23.11.2018 12:39;205;644;98;Kein Fehler erkannt;1,69;80;0;;;;;;;
181202_V310_3.csv;23.11.2018 13:37;202;634;100;Kein Fehler erkannt;0;80;0;;;;;;;
181202_V310_3.csv;23.11.2018 14:37;202;634;100;Kein Fehler erkannt;0;80;0;;;;;;;
181202_V310_3.csv;23.11.2018 15:37;202;634;100;Kein Fehler erkannt;0;80;0;;;;;;;
181202_V310_3.csv;23.11.2018 16:37;202;634;100;Kein Fehler erkannt;0;80;0;;;;;;;
181202_V310_3.csv;23.11.2018 17:37;200;628;100;Kein Fehler erkannt;0;80;0;;;;;;;
181202_V310_3.csv;23.11.2018 18:38;200;628;100;Kein Fehler erkannt;0;80;0;;;;;;;
181202_V310_3.csv;23.11.2018 19:38;199;625;99;Kein Fehler erkannt;0,94;80;0;;;;;;;
181202_V310_3.csv;23.11.2018 19:40;205;644;95;Kein Fehler erkannt;4,84;100;0;;;;;;;
181202_V310_3.csv;23.11.2018 20:38;205;644;98;Kein Fehler erkannt;1,56;100;0;;;;;;;
181202_V310_3.csv;23.11.2018 21:38;204;640;100;Kein Fehler erkannt;0;100;0;;;;;;;
181202_V310_3.csv;23.11.2018 22:38;202;634;100;Kein Fehler erkannt;0;100;0;;;;;;;
181202_V310_3.csv;23.11.2018 23:38;201;631;98;Kein Fehler erkannt;1,47;100;0;;;;;;;
181202_V310_3.csv;24.11.2018 00:38;200;628;99;Kein Fehler erkannt;0,85;100;0;;;;;;92;80
181202_V310_3.csv;24.11.2018 01:38;225;706;98;Kein Fehler erkannt;1,54;100;0,89;;;;;;;
181202_V310_3.csv;24.11.2018 02:39;241;757;100;Kein Fehler erkannt;0;100;1,18;;;;;;;
181202_V310_3.csv;24.11.2018 03:39;242;760;100;Kein Fehler erkannt;0;100;1,48;;;;;;;
181202_V310_3.csv;24.11.2018 04:39;248;779;98;Kein Fehler erkannt;1,47;100;1,48;;;;;;;
181202_V310_3.csv;24.11.2018 05:39;248;779;98;Kein Fehler erkannt;1,49;100;1,48;;;;;;;
181202_V310_3.csv;24.11.2018 06:39;245;769;99;Kein Fehler erkannt;0,85;100;1,77;;;;;;;
181202_V310_3.csv;24.11.2018 07:39;242;760;99;Kein Fehler erkannt;0,75;100;1,77;;;;;;;
181202_V310_3.csv;24.11.2018 08:39;240;753;100;Kein Fehler erkannt;0;100;1,77;;;;;;;
181202_V310_3.csv;24.11.2018 09:40;240;753;99;Kein Fehler erkannt;1,02;100;1,77;;;;;;;
181202_V310_3.csv;24.11.2018 10:40;239;750;100;Kein Fehler erkannt;0;100;1,77;;;;;;;
181202_V310_3.csv;24.11.2018 11:40;239;750;100;Kein Fehler erkannt;0;100;1,77;;;;;;;
181202_V310_3.csv;24.11.2018 12:40;238;747;100;Kein Fehler erkannt;0;100;1,77;;;;;;;
181202_V310_3.csv;24.11.2018 13:40;234;735;98;Kein Fehler erkannt;1,3;100;1,77;;;;;;;
181202_V310_3.csv;24.11.2018 14:40;229;719;100;Kein Fehler erkannt;0;100;1,77;;;;;;;
181202_V310_3.csv;24.11.2018 15:40;229;719;100;Kein Fehler erkannt;0;100;1,77;;;;;;;
181202_V310_3.csv;24.11.2018 16:41;227;713;98;Kein Fehler erkannt;1,09;100;1,77;;;;;;;
181202_V310_3.csv;24.11.2018 17:41;226;710;100;Kein Fehler erkannt;0;100;1,77;;;;;;;
181202_V310_3.csv;24.11.2018 18:41;224;703;100;Kein Fehler erkannt;0;100;1,77;;;;;;;
181202_V310_3.csv;24.11.2018 19:41;222;697;100;Kein Fehler erkannt;0;100;1,77;;;;;;;
181202_V310_3.csv;24.11.2018 20:41;220;691;99;Kein Fehler erkannt;0,44;100;1,77;;;;;;;
181202_V310_3.csv;24.11.2018 21:41;220;691;98;Kein Fehler erkannt;1,34;100;1,77;;;;;;;
181202_V310_3.csv;24.11.2018 22:41;217;681;99;Kein Fehler erkannt;0,62;100;1,77;;;;;;;
181202_V310_3.csv;24.11.2018 23:41;217;681;100;Kein Fehler erkannt;0;100;1,77;;;;;;;
181202_V310_3.csv;25.11.2018 00:42;217;681;99;Kein Fehler erkannt;0,85;100;1,77;;;;;;;
181202_V310_3.csv;25.11.2018 01:42;217;681;99;Kein Fehler erkannt;0,75;100;0,59;;;;;;;
181202_V310_3.csv;25.11.2018 02:42;217;681;100;Kein Fehler erkannt;0;100;0,59;;;;;;;
181202_V310_3.csv;25.11.2018 03:42;215;675;97;Kein Fehler erkannt;2,59;100;0,3;;;;;;;
181202_V310_3.csv;25.11.2018 04:42;214;672;98;Kein Fehler erkannt;1,49;100;0,3;;;;;;;
181202_V310_3.csv;25.11.2018 05:42;213;669;100;Kein Fehler erkannt;0;100;0,3;;;;;;;
181202_V310_3.csv;25.11.2018 06:42;213;669;100;Kein Fehler erkannt;0;100;0;;;;;;;
181202_V310_3.csv;25.11.2018 07:43;211;662;99;Kein Fehler erkannt;0,85;100;0;;;;;;;
181202_V310_3.csv;25.11.2018 08:43;209;656;100;Kein Fehler erkannt;0;100;0;;;;;;;
181202_V310_3.csv;25.11.2018 09:43;209;656;100;Kein Fehler erkannt;0;100;0;;;;;;;
181202_V310_3.csv;25.11.2018 10:43;209;656;100;Kein Fehler erkannt;0;100;0;;;;;;;
181202_V310_3.csv;25.11.2018 11:43;207;650;100;Kein Fehler erkannt;0;100;0;;;;;;;
181202_V310_3.csv;25.11.2018 12:43;204;640;100;Kein Fehler erkannt;0;100;0;;;;;;;
181202_V310_3.csv;25.11.2018 13:43;202;634;100;Kein Fehler erkannt;0;100;0;;;;;;;
181202_V310_3.csv;25.11.2018 14:44;201;631;100;Kein Fehler erkannt;0;100;0;;;;;;;
181202_V310_3.csv;25.11.2018 15:44;199;625;98;Kein Fehler erkannt;1,15;100;0;;;;;;;
181202_V310_3.csv;25.11.2018 15:46;205;644;94;Kein Fehler erkannt;6,01;120;0;;;;;;;
181202_V310_3.csv;25.11.2018 16:44;206;647;100;Kein Fehler erkannt;0;120;0;;;;;;;
181202_V310_3.csv;25.11.2018 17:44;205;644;98;Kein Fehler erkannt;1,09;120;0;;;;;;;
181202_V310_3.csv;25.11.2018 18:44;200;628;98;Kein Fehler erkannt;1,52;120;0;;;;;;;
181202_V310_3.csv;25.11.2018 19:44;200;628;99;Kein Fehler erkannt;0,94;120;0;;;;;;;
181202_V310_3.csv;25.11.2018 20:44;198;622;98;Kein Fehler erkannt;1,26;120;0;;;;;;;
181202_V310_3.csv;25.11.2018 20:47;205;644;97;Kein Fehler erkannt;3,02;140;0;;;;;;;
181202_V310_3.csv;25.11.2018 21:44;204;640;99;Kein Fehler erkannt;0,62;140;0;;;;;;;
181202_V310_3.csv;25.11.2018 22:45;203;637;99;Kein Fehler erkannt;0,75;140;0;;;;;;;
181202_V310_3.csv;25.11.2018 23:45;202;634;100;Kein Fehler erkannt;0;140;0;;;;;;;
181202_V310_3.csv;26.11.2018 00:45;202;634;100;Kein Fehler erkannt;0;140;0;;;;;;87;85
181202_V310_3.csv;26.11.2018 01:45;202;634;100;Kein Fehler erkannt;0;140;0;;;;;;;
181202_V310_3.csv;26.11.2018 02:45;201;631;98;Kein Fehler erkannt;1,15;140;0;;;;;;;
181202_V310_3.csv;26.11.2018 03:45;202;634;100;Kein Fehler erkannt;0;140;0;;;;;;;
181202_V310_3.csv;26.11.2018 04:45;201;631;98;Kein Fehler erkannt;1,47;140;0;;;;;;;
181202_V310_3.csv;26.11.2018 05:46;200;628;100;Kein Fehler erkannt;0;140;0;;;;;;;
181202_V310_3.csv;26.11.2018 06:46;198;622;100;Kein Fehler erkannt;0;140;0;;;;;;;
181202_V310_3.csv;26.11.2018 06:48;204;640;97;Kein Fehler erkannt;2,4;160;0;;;;;;;
181202_V310_3.csv;26.11.2018 07:46;204;640;100;Kein Fehler erkannt;0;160;0;;;;;;;
181202_V310_3.csv;26.11.2018 08:46;204;640;100;Kein Fehler erkannt;0;160;0;;;;;;;
181202_V310_3.csv;26.11.2018 09:46;204;640;100;Kein Fehler erkannt;0;160;0;;;;;;;
181202_V310_3.csv;26.11.2018 10:46;204;640;100;Kein Fehler erkannt;0;160;0;;;;;;;
181202_V310_3.csv;26.11.2018 11:46;204;640;100;Kein Fehler erkannt;0;160;0;;;;;;;
181202_V310_3.csv;26.11.2018 12:47;222;697;100;Kein Fehler erkannt;0;160;0,3;;;;;;;
181202_V310_3.csv;26.11.2018 13:47;233;731;100;Kein Fehler erkannt;0;160;0,59;;;;;;;
181202_V310_3.csv;26.11.2018 14:47;268;841;98;Kein Fehler erkannt;1,57;160;1,77;40;110;98;0;OK;;
181202_V310_3.csv;26.11.2018 15:47;292;917;98;Kein Fehler erkannt;1,57;160;2,36;;;;;;;
181202_V310_3.csv;26.11.2018 16:47;314;986;99;Kein Fehler erkannt;0,75;160;3,25;;;;;;;
181202_V310_3.csv;26.11.2018 17:47;339;1065;99;Kein Fehler erkannt;0,62;160;4,13;;;;;;;
181202_V310_3.csv;26.11.2018 18:47;348;1093;100;Kein Fehler erkannt;0;160;4,43;;;;;;;
181202_V310_3.csv;26.11.2018 19:47;359;1127;98;Kein Fehler erkannt;1,21;160;4,72;;;;;;;
181202_V310_3.csv;26.11.2018 20:48;365;1146;100;Kein Fehler erkannt;0;160;5,01;;;;;;;
181202_V310_3.csv;26.11.2018 21:48;369;1159;98;Kein Fehler erkannt;1,38;160;5,31;;;;;;;
181202_V310_3.csv;26.11.2018 22:48;375;1178;100;Kein Fehler erkannt;0;160;5,61;;;;;;;
181202_V310_3.csv;26.11.2018 23:48;384;1206;100;Kein Fehler erkannt;0;160;5,9;;;;;;;
181202_V310_3.csv;27.11.2018 00:48;388;1218;100;Kein Fehler erkannt;0;160;5,9;;;;;;;
181202_V310_3.csv;27.11.2018 01:48;388;1218;100;Kein Fehler erkannt;0;160;5,9;;;;;;;
181202_V310_3.csv;27.11.2018 02:48;390;1225;98;Kein Fehler erkannt;1,15;160;5,9;;;;;;;
181202_V310_3.csv;27.11.2018 03:49;393;1234;100;Kein Fehler erkannt;0;160;6,2;;;;;;;
181202_V310_3.csv;27.11.2018 04:49;393;1234;100;Kein Fehler erkannt;0;160;6,2;;;;;;;
181202_V310_3.csv;27.11.2018 05:49;391;1228;100;Kein Fehler erkannt;0;160;6,2;;;;;;;
181202_V310_3.csv;27.11.2018 06:49;388;1218;100;Kein Fehler erkannt;0;160;6,2;;;;;;;
181202_V310_3.csv;27.11.2018 07:49;384;1206;100;Kein Fehler erkannt;0;160;6,2;;;;;;;
181202_V310_3.csv;27.11.2018 08:49;383;1203;99;Kein Fehler erkannt;0,94;160;6,2;;;;;;;
181202_V310_3.csv;27.11.2018 09:49;383;1203;99;Kein Fehler erkannt;0,62;160;6,2;;;;;;;
181202_V310_3.csv;27.11.2018 10:50;382;1200;100;Kein Fehler erkannt;0;160;6,2;;;;;;;
181202_V310_3.csv;27.11.2018 11:50;382;1200;100;Kein Fehler erkannt;0;160;6,2;;;;;;;
181202_V310_3.csv;27.11.2018 12:50;381;1196;99;Kein Fehler erkannt;0,85;160;5,9;;;;;;;
181202_V310_3.csv;27.11.2018 13:50;380;1193;98;Kein Fehler erkannt;1,38;160;5,61;;;;;;;
181202_V310_3.csv;27.11.2018 14:50;380;1193;98;Kein Fehler erkannt;1,57;160;4,43;;;;;;;
181202_V310_3.csv;27.11.2018 15:50;380;1193;98;Kein Fehler erkannt;1,21;160;3,54;;;;;;;
181202_V310_3.csv;27.11.2018 16:50;380;1193;100;Kein Fehler erkannt;0;160;2,95;;;;;;;
181202_V310_3.csv;27.11.2018 17:50;377;1184;100;Kein Fehler erkannt;0;160;2,07;;;;;;;
181202_V310_3.csv;27.11.2018 18:51;374;1174;98;Kein Fehler erkannt;1,34;160;1,77;;;;;;;
181202_V310_3.csv;27.11.2018 19:51;373;1171;100;Kein Fehler erkannt;0;160;1,48;;;;;;;
181202_V310_3.csv;27.11.2018 20:51;372;1168;98;Kein Fehler erkannt;1,41;160;1,48;;;;;;;
181202_V310_3.csv;27.11.2018 21:51;371;1165;100;Kein Fehler erkannt;0;160;0,89;;;;;;;
181202_V310_3.csv;27.11.2018 22:51;370;1162;98;Kein Fehler erkannt;1,3;160;0,59;;;;;;;
181202_V310_3.csv;27.11.2018 23:51;369;1159;100;Kein Fehler erkannt;0;160;0,3;;;;;;;
181202_V310_3.csv;28.11.2018 00:51;369;1159;100;Kein Fehler erkannt;0;160;nan;;;;;;;
181202_V310_3.csv;28.11.2018 01:52;369;1159;100;Kein Fehler erkannt;0;160;0,3;;;;;;;
181202_V310_3.csv;28.11.2018 02:52;367;1152;98;Kein Fehler erkannt;1,21;160;0;;;;;;;
181202_V310_3.csv;28.11.2018 03:52;367;1152;98;Kein Fehler erkannt;1,54;160;0;;;;;;;
181202_V310_3.csv;28.11.2018 04:52;367;1152;98;Kein Fehler erkannt;1,34;160;0;;;;;;;
181202_V310_3.csv;28.11.2018 05:52;366;1149;99;Kein Fehler erkannt;0,44;160;0;;;;;;;
181202_V310_3.csv;28.11.2018 06:52;366;1149;99;Kein Fehler erkannt;0,94;160;0;;;;;;;
181202_V310_3.csv;28.11.2018 07:50;362;1137;99;Kein Fehler erkannt;1,02;160;0;;;;;;;
181202_V310_3.csv;28.11.2018 08:50;362;1137;100;Kein Fehler erkannt;0;160;0;;;;;;;
181202_V310_3.csv;28.11.2018 09:50;362;1137;100;Kein Fehler erkannt;0;160;0;;;;;;;
181202_V310_3.csv;28.11.2018 10:51;362;1137;100;Kein Fehler erkannt;0;160;0;;;;;;;
181202_V310_3.csv;28.11.2018 11:51;362;1137;100;Kein Fehler erkannt;0;160;0;;;;;;;
181202_V310_3.csv;28.11.2018 12:51;362;1137;100;Kein Fehler erkannt;0;160;0;;;;;;;
181202_V310_3.csv;28.11.2018 13:51;362;1137;100;Kein Fehler erkannt;0;160;0;;;;;;;
181202_V310_3.csv;28.11.2018 14:51;362;1137;100;Kein Fehler erkannt;0;160;0;;;;;;;
181202_V310_3.csv;28.11.2018 15:51;362;1137;100;Kein Fehler erkannt;0;160;0;;;;;;;
181202_V310_3.csv;28.11.2018 16:51;360;1130;100;Kein Fehler erkannt;0;160;0;;;;;;;
181202_V310_3.csv;28.11.2018 17:51;358;1124;100;Kein Fehler erkannt;0;160;0;;;;;;;
181202_V310_3.csv;28.11.2018 18:52;358;1124;100;Kein Fehler erkannt;0;160;0;;;;;;;
181202_V310_3.csv;28.11.2018 19:52;356;1118;100;Kein Fehler erkannt;0;160;0;;;;;;;
181202_V310_3.csv;28.11.2018 20:52;356;1118;100;Kein Fehler erkannt;0;160;0;;;;;;;
181202_V310_3.csv;28.11.2018 21:52;354;1112;99;Kein Fehler erkannt;0,77;160;0;;;;;;;
181202_V310_3.csv;28.11.2018 22:52;351;1102;100;Kein Fehler erkannt;0;160;0;;;;;;;
181202_V310_3.csv;28.11.2018 23:52;351;1102;100;Kein Fehler erkannt;0;160;0;;;;;;;
181202_V310_3.csv;29.11.2018 00:52;351;1102;99;Kein Fehler erkannt;0,62;160;0;;;;;;;
181202_V310_3.csv;29.11.2018 01:53;351;1102;100;Kein Fehler erkannt;0;160;0;;;;;;;
181202_V310_3.csv;29.11.2018 02:53;351;1102;100;Kein Fehler erkannt;0;160;0;;;;;;;
181202_V310_3.csv;29.11.2018 03:53;351;1102;100;Kein Fehler erkannt;0;160;0;;;;;;;
181202_V310_3.csv;29.11.2018 04:53;351;1102;100;Kein Fehler erkannt;0;160;0;;;;;;;
181202_V310_3.csv;29.11.2018 05:53;350;1099;98;Kein Fehler erkannt;1,52;160;0;;;;;;;
181202_V310_3.csv;29.11.2018 06:53;349;1096;98;Kein Fehler erkannt;1,3;160;0;;;;;;;
181202_V310_3.csv;29.11.2018 07:53;347;1090;100;Kein Fehler erkannt;0;160;0;;;;;;;
181202_V310_3.csv;29.11.2018 08:54;343;1077;100;Kein Fehler erkannt;0;160;0;;;;;;;
181202_V310_3.csv;29.11.2018 09:54;340;1068;98;Kein Fehler erkannt;1,54;160;0;;;;;;;
181202_V310_3.csv;29.11.2018 10:54;340;1068;98;Kein Fehler erkannt;1,52;160;0;;;;;;;
181202_V310_3.csv;29.11.2018 11:54;340;1068;100;Kein Fehler erkannt;0;160;0;;;;;;;
181202_V310_3.csv;29.11.2018 12:54;340;1068;100;Kein Fehler erkannt;0;160;0;;;;;;;
181202_V310_3.csv;29.11.2018 13:54;340;1068;98;Kein Fehler erkannt;1,38;160;0;;;;;;;
181202_V310_3.csv;29.11.2018 14:54;340;1068;100;Kein Fehler erkannt;0;160;0;;;;;;;
181202_V310_3.csv;29.11.2018 15:54;340;1068;99;Kein Fehler erkannt;0,62;160;0;;;;;;;
181202_V310_3.csv;29.11.2018 16:55;340;1068;100;Kein Fehler erkannt;0;160;0;;;;;;;
181202_V310_3.csv;29.11.2018 17:55;338;1061;100;Kein Fehler erkannt;0;160;0;;;;;;;
181202_V310_3.csv;29.11.2018 18:55;338;1061;100;Kein Fehler erkannt;0;160;0;;;;;;;
181202_V310_3.csv;29.11.2018 19:55;338;1061;100;Kein Fehler erkannt;0;160;0;;;;;;;
181202_V310_3.csv;29.11.2018 20:55;338;1061;100;Kein Fehler erkannt;0;160;0;;;;;;;
181202_V310_3.csv;29.11.2018 21:55;335;1052;98;Kein Fehler erkannt;1,57;160;0;;;;;;;
181202_V310_3.csv;29.11.2018 22:55;333;1046;98;Kein Fehler erkannt;1,55;160;0;;;;;;;
181202_V310_3.csv;29.11.2018 23:56;333;1046;98;Kein Fehler erkannt;1,3;160;0;;;;;;;
181202_V310_3.csv;30.11.2018 00:56;333;1046;98;Kein Fehler erkannt;1,54;160;0;;;;;;56;84
181202_V310_3.csv;30.11.2018 01:56;334;1049;100;Kein Fehler erkannt;0;160;0;;;;;;;
181202_V310_3.csv;30.11.2018 02:56;333;1046;98;Kein Fehler erkannt;1,41;160;0;;;;;;;
181202_V310_3.csv;30.11.2018 03:56;333;1046;98;Kein Fehler erkannt;1,57;160;0;;;;;;;
181202_V310_3.csv;30.11.2018 04:56;333;1046;98;Kein Fehler erkannt;1,54;160;0;;;;;;;
181202_V310_3.csv;30.11.2018 05:56;331;1039;95;Kein Fehler erkannt;5,08;160;0;;;;;;;
181202_V310_3.csv;30.11.2018 06:57;329;1033;100;Kein Fehler erkannt;0;160;0;;;;;;;
181202_V310_3.csv;30.11.2018 07:57;329;1033;100;Kein Fehler erkannt;0;160;0;;;;;;;
181202_V310_3.csv;30.11.2018 08:57;329;1033;100;Kein Fehler erkannt;0;160;0;;;;;;;
181202_V310_3.csv;30.11.2018 09:57;329;1033;100;Kein Fehler erkannt;0;160;0;;;;;;;
181202_V310_3.csv;30.11.2018 10:57;329;1033;100;Kein Fehler erkannt;0;160;0;;;;;;;
181202_V310_3.csv;30.11.2018 11:57;327;1027;100;Kein Fehler erkannt;0;160;0,3;;;;;;;
181202_V310_3.csv;30.11.2018 12:57;347;1090;100;Kein Fehler erkannt;0;160;0,89;;;;;;;
181202_V310_3.csv;30.11.2018 13:58;388;1218;93;Kein Fehler erkannt;6,46;160;2,07;0;128;97;0;OK;;
181202_V310_3.csv;30.11.2018 14:58;436;1369;98;Kein Fehler erkannt;1,57;160;3,54;0;151;127;0;OK;;
181202_V310_3.csv;30.11.2018 15:58;485;1523;98;Kein Fehler erkannt;1,49;160;5,01;0;154;126;0;OK;;
181202_V310_3.csv;30.11.2018 16:58;505;1586;99;Kein Fehler erkannt;0,75;160;5,61;;;;;;;
181202_V310_3.csv;30.11.2018 17:58;533;1674;100;Kein Fehler erkannt;0;160;6,49;;;;;;;
181202_V310_3.csv;30.11.2018 18:58;535;1680;100;Kein Fehler erkannt;0;160;6,49;;;;;;;
181202_V310_3.csv;30.11.2018 19:58;540;1696;100;Kein Fehler erkannt;0;160;6,79;;;;;;;
181202_V310_3.csv;30.11.2018 20:58;541;1699;100;Kein Fehler erkannt;0;160;6,79;;;;;;;
181202_V310_3.csv;30.11.2018 21:59;541;1699;100;Kein Fehler erkannt;0;160;6,79;;;;;;;
181202_V310_3.csv;30.11.2018 22:59;541;1699;100;Kein Fehler erkannt;0;160;6,79;;;;;;;
181202_V310_3.csv;30.11.2018 23:59;540;1696;99;Kein Fehler erkannt;0,75;160;6,79;;;;;;;
181202_V310_3.csv;01.12.2018 00:59;539;1693;98;Kein Fehler erkannt;1,38;160;6,79;;;;;;;
181202_V310_3.csv;01.12.2018 01:59;539;1693;98;Kein Fehler erkannt;1,55;160;6,79;;;;;;;
181202_V310_3.csv;01.12.2018 02:59;539;1693;98;Kein Fehler erkannt;1,54;160;6,79;;;;;;;
181202_V310_3.csv;01.12.2018 03:59;538;1690;98;Kein Fehler erkannt;1,15;160;6,79;;;;;;;
181202_V310_3.csv;01.12.2018 05:00;538;1690;98;Kein Fehler erkannt;1,44;160;6,79;;;;;;;
181202_V310_3.csv;01.12.2018 06:00;536;1683;100;Kein Fehler erkannt;0;160;6,79;;;;;;;
181202_V310_3.csv;01.12.2018 07:00;534;1677;99;Kein Fehler erkannt;0,94;160;6,79;;;;;;;
181202_V310_3.csv;01.12.2018 08:00;532;1671;98;Kein Fehler erkannt;1,21;160;6,79;;;;;;;
181202_V310_3.csv;01.12.2018 09:00;529;1661;100;Kein Fehler erkannt;0;160;6,79;;;;;;;
181202_V310_3.csv;01.12.2018 10:00;529;1661;100;Kein Fehler erkannt;0;160;6,79;;;;;;;
181202_V310_3.csv;01.12.2018 11:00;529;1661;100;Kein Fehler erkannt;0;160;6,79;;;;;;;
181202_V310_3.csv;01.12.2018 12:01;529;1661;100;Kein Fehler erkannt;0;160;6,49;;;;;;;
181202_V310_3.csv;01.12.2018 12:03;536;1683;98;Kein Fehler erkannt;1,82;180;5,9;;;;;;;
181202_V310_3.csv;01.12.2018 13:01;535;1680;98;Kein Fehler erkannt;1,38;180;5,9;;;;;;;
181202_V310_3.csv;01.12.2018 14:01;535;1680;98;Kein Fehler erkannt;1,09;180;4,43;;;;;;;
181202_V310_3.csv;01.12.2018 15:01;535;1680;99;Kein Fehler erkannt;0,62;180;2,95;;;;;;;
181202_V310_3.csv;01.12.2018 16:01;535;1680;98;Kein Fehler erkannt;1,34;180;1,18;;;;;;;
181202_V310_3.csv;01.12.2018 17:01;536;1683;100;Kein Fehler erkannt;0;180;1,18;;;;;;;
181202_V310_3.csv;01.12.2018 18:01;536;1683;100;Kein Fehler erkannt;0;180;0,3;;;;;;;
181202_V310_3.csv;01.12.2018 19:01;536;1683;100;Kein Fehler erkannt;0;180;0;;;;;;;
181202_V310_3.csv;01.12.2018 20:02;536;1683;100;Kein Fehler erkannt;0;180;0;;;;;;;
181202_V310_3.csv;01.12.2018 21:02;536;1683;100;Kein Fehler erkannt;0;180;0;;;;;;;
181202_V310_3.csv;01.12.2018 22:02;536;1683;100;Kein Fehler erkannt;0;180;0;;;;;;;
181202_V310_3.csv;01.12.2018 23:02;536;1683;100;Kein Fehler erkannt;0;180;0;;;;;;;
181202_V310_3.csv;02.12.2018 00:02;535;1680;99;Kein Fehler erkannt;0,85;180;0;;;;;;33;80
181202_V310_3.csv;02.12.2018 01:02;536;1683;100;Kein Fehler erkannt;0;180;0;;;;;;;
181202_V310_3.csv;02.12.2018 02:02;536;1683;100;Kein Fehler erkannt;0;180;0;;;;;;;
181202_V310_3.csv;02.12.2018 03:03;535;1680;99;Kein Fehler erkannt;0,75;180;0;;;;;;;
181202_V310_3.csv;02.12.2018 04:03;536;1683;100;Kein Fehler erkannt;0;180;0;;;;;;;
181202_V310_3.csv;02.12.2018 05:03;536;1683;100;Kein Fehler erkannt;0;180;0;;;;;;;
181202_V310_3.csv;02.12.2018 06:03;559;1756;99;Kein Fehler erkannt;0,89;180;0,89;;;;;;;
181202_V310_3.csv;02.12.2018 07:03;629;1976;98;Kein Fehler erkannt;1,75;180;2,95;20;220;186;0;OK;;
181202_V310_3.csv;02.12.2018 08:03;652;2048;100;Kein Fehler erkannt;0;180;3,54;;;;;;;
181202_V310_3.csv;02.12.2018 09:03;654;2054;100;Kein Fehler erkannt;0;180;3,54;;;;;;;
181202_V310_3.csv;02.12.2018 09:13;654;2054;100;Kein Fehler erkannt;0;180;3,54;;;;;;;
181202_V310_3.csv;02.12.2018 10:13;653;2051;99;Kein Fehler erkannt;0,44;180;3,54;;;;;;;
181202_V310_3.csv;02.12.2018 11:13;716;2249;98;Kein Fehler erkannt;1,26;180;5,61;0;198;186;0;OK;;
181202_V310_3.csv;02.12.2018 12:13;732;2299;100;Kein Fehler erkannt;0;180;5,9;;;;;;;
181202_V310_3.csv;02.12.2018 13:13;732;2299;100;Kein Fehler erkannt;0;180;5,9;;;;;;;
181202_V310_3.csv;02.12.2018 14:13;732;2299;100;Kein Fehler erkannt;0;180;5,9;;;;;;;
181202_V310_3.csv;02.12.2018 15:13;727;2283;94;Kein Fehler erkannt;6,23;180;5,9;;;;;;;
181203_V310_4.csv;02.12.2018 17:14;729;2290;93;Kein Fehler erkannt;6,42;180;5,9;;;;;;;
181203_V310_4.csv;02.12.2018 18:14;730;2293;99;Kein Fehler erkannt;0,44;180;6,2;;;;;;;
181203_V310_4.csv;02.12.2018 19:14;766;2406;98;Kein Fehler erkannt;1,56;180;7,97;0;113;157;28;Verstopft;;
181203_V310_4.csv;02.12.2018 20:14;767;2409;100;Kein Fehler erkannt;0;180;7,97;;;;;;;
181203_V310_4.csv;02.12.2018 21:14;816;2563;100;Kein Fehler erkannt;0;180;10,33;0;154;216;28;Verstopft;;
181203_V310_4.csv;02.12.2018 22:14;816;2563;100;Kein Fehler erkannt;0;180;10,33;;;;;;;
181203_V310_4.csv;02.12.2018 23:15;816;2563;100;Kein Fehler erkannt;0;180;10,33;;;;;;;
181203_V310_4.csv;03.12.2018 00:15;813;2554;100;Kein Fehler erkannt;0;180;10,62;;;;;;;
181203_V310_4.csv;03.12.2018 01:15;831;2610;98;Kein Fehler erkannt;1,57;180;11,21;;;;;;;
181203_V310_4.csv;03.12.2018 02:15;833;2616;95;Kein Fehler erkannt;5,21;180;11,21;;;;;;;
181203_V310_4.csv;03.12.2018 03:15;838;2632;98;Kein Fehler erkannt;1,34;180;11,21;;;;;;;
181203_V310_4.csv;03.12.2018 04:15;837;2629;98;Kein Fehler erkannt;1,21;180;11,51;;;;;;;
181203_V310_4.csv;03.12.2018 05:15;862;2708;100;Kein Fehler erkannt;0;180;11,21;;;;;;;
181203_V310_4.csv;03.12.2018 06:15;865;2717;100;Kein Fehler erkannt;0;180;9,74;;;;;;;
181203_V310_4.csv;03.12.2018 07:16;868;2726;99;Kein Fehler erkannt;1,02;180;8,85;;;;;;;
181203_V310_4.csv;03.12.2018 08:16;866;2720;100;Kein Fehler erkannt;0;180;9,15;;;;;;;
181203_V310_4.csv;03.12.2018 09:16;873;2742;100;Kein Fehler erkannt;0;180;9,15;;;;;;;
181203_V310_4.csv;03.12.2018 10:16;930;2921;93;Kein Fehler erkannt;6,86;180;10,03;;;;;;;
181203_V310_4.csv;03.12.2018 11:16;938;2946;100;Kein Fehler erkannt;0;180;9,74;;;;;;;
181203_V310_4.csv;03.12.2018 12:16;978;3072;98;Kein Fehler erkannt;1,56;180;11,21;;;;;;;
181203_V310_4.csv;03.12.2018 13:16;986;3097;98;Kein Fehler erkannt;1,47;180;11,21;;;;;;;
181203_V310_4.csv;03.12.2018 14:17;1068;3355;100;Kein Fehler erkannt;0;180;13,57;0;258;215;0;OK;;
181203_V310_4.csv;03.12.2018 15:17;1086;3411;95;Kein Fehler erkannt;5,21;180;14,16;;;;;;;
181203_V310_4.csv;03.12.2018 16:17;1097;3446;98;Kein Fehler erkannt;1,51;180;14,46;;;;;;;
181203_V310_4.csv;03.12.2018 17:17;1136;3568;100;Kein Fehler erkannt;0;180;16,23;0;122;156;21;Verstopft;;
181203_V310_4.csv;03.12.2018 18:17;1221;3835;98;Kein Fehler erkannt;1,81;180;18;0;267;157;0;OK;;
181203_V310_4.csv;03.12.2018 19:17;1330;4178;100;Kein Fehler erkannt;0;180;20,65;0;343;244;0;OK;;
181203_V310_4.csv;03.12.2018 20:17;1437;4514;100;Kein Fehler erkannt;0;180;22,72;0;336;186;0;OK;;
